URL,Last crawled
https://www.rippleroofs.com/terms,2025-11-14
https://www.rippleroofs.com/privacy,2025-11-14
https://rippleroofs.com/services/?share=facebook&nb=1,2025-11-10
https://rippleroofs.com/about-2/?share=x&nb=1,2025-11-05
https://rippleroofs.com/faq/?share=facebook&nb=1,2025-10-24
https://rippleroofs.com/comments/feed/,2025-10-22
https://rippleroofs.com/the-benefits-of-installing-a-new-roof-before-selling-your-home/?share=x&nb=1,2025-10-15
https://rippleroofs.com/contact-us/?share=facebook&nb=1,2025-09-09
https://rippleroofs.com/about-2/?share=facebook&nb=1,2025-09-08
https://rippleroofs.com/home/?share=facebook&nb=1,2025-08-23
https://rippleroofs.com/how-insurance-restoration-works-after-a-storm/?share=x&nb=1,2025-08-22
https://rippleroofs.com/how-insurance-restoration-works-after-a-storm/?share=facebook&nb=1,2025-08-22
https://rippleroofs.com/commercial-roofing/?share=facebook&nb=1,2025-08-21
https://rippleroofs.com/why-metal-roofs-are-perfect-for-texas/?share=x&nb=1,2025-08-05
https://rippleroofs.com/why-metal-roofs-are-perfect-for-texas-4/feed/,2025-08-02
https://rippleroofs.com/why-metal-roofs-are-perfect-for-texas/feed/,2025-08-01
https://rippleroofs.com/how-to-navigate-the-roof-insurance-claim-process-smoothly/?share=x&nb=1,2025-07-28
https://rippleroofs.com/the-benefits-of-metal-roofin/?share=x&nb=1,2025-06-13
https://rippleroofs.com/the-benefits-of-metal-roofin/?share=facebook&nb=1,2025-06-13
https://rippleroofs.com/how-to-choose-the-best-roofing-material-for-your-homes-architecture/?share=facebook&nb=1,2025-06-13
https://rippleroofs.com/gallery/?share=x&nb=1,2025-06-11
https://rippleroofs.com/faq/?share=x&nb=1,2025-06-03