Top queries,Clicks,Impressions,CTR,Position
ripple roofing,4,13,30.77%,1.08
ripple roofing and construction round rock,1,10,10%,1.1
roofing round rock,0,58,0%,48.67
shingle roofing company,0,34,0%,20.44
roofing temple tx,0,33,0%,85.27
roof repair,0,28,0%,1.43
roofing company near me,0,27,0%,40.74
san marcos roofing,0,25,0%,87.44
roof repair san marcos,0,25,0%,88.92
roofing companies leander tx,0,24,0%,90.58
roof repair leander tx,0,22,0%,84.95
roofing companies in pflugerville texas,0,21,0%,89.05
roof installation,0,17,0%,2.53
roofer near me,0,17,0%,67.12
roofers leander tx,0,17,0%,84
roofing contractor leander,0,17,0%,90.71
roofing company san marcos,0,16,0%,89.81
cedar park roofing,0,16,0%,93.62
roofing companies san marcos tx,0,15,0%,89.27
leander roofing company,0,15,0%,94.27
roofing company,0,14,0%,25.93
instant roof quote,0,14,0%,84.71
roof replacement round rock,0,13,0%,50.31
commercial roofing near me,0,12,0%,1
roof repair near me,0,12,0%,4.33
san marcos shingle re-roofers,0,12,0%,62.5
residential roofing services in cedar park tx,0,12,0%,91.08
roofing leander tx,0,12,0%,95.33
roofing contractor brushy creek,0,11,0%,1.18
roofer temple,0,11,0%,59.27
temple killeen roofing,0,11,0%,89.45
residential roofer temple,0,10,0%,79.8
affordable roofing waco,0,10,0%,80.2
instant roof estimate,0,10,0%,83.9
residential roofing waco,0,10,0%,92.4
roof repairs san marcos,0,9,0%,83.89
san marcos roof repairs,0,9,0%,87.56
roofing services san marcos,0,9,0%,91.33
roofing companies san marcos,0,9,0%,93.44
certainteed roofing georgetown tx,0,8,0%,9.5
commercial roofing,0,8,0%,13
residential roofing,0,8,0%,14.38
roofing round rock texas,0,8,0%,54.75
roofing round rock tx,0,8,0%,59.88
solar-ready commercial roof checklist,0,8,0%,72.25
roofing company waco,0,8,0%,85.12
roofing contractors san marcos tx,0,8,0%,87.38
shingle roof san marcos,0,8,0%,89.25
roofing contractor,0,7,0%,1
"""ripple roofing & construction"" ""78664""",0,7,0%,18.86
roof repair checklist north dallas,0,7,0%,40
roofing cost austin,0,7,0%,41
new roof cost austin,0,7,0%,50.86
commercial roofing companies round rock tx,0,7,0%,51.14
roofing contractors round rock tx,0,7,0%,57.86
roof insurance claim process,0,7,0%,69.86
residential roofing temple,0,7,0%,84.43
good roofing companies near me,0,7,0%,85.57
san marcos roofer,0,7,0%,86
temple tx roofing,0,7,0%,87.86
residential roofing companies in temple tx,0,7,0%,88.86
roofing companies temple tx,0,7,0%,94
attic venting leander tx,0,6,0%,7.17
attic ventilation contractor,0,6,0%,15.5
roof repair round rock,0,6,0%,66.33
roofing contractor in leander,0,6,0%,83.83
best roofing contractors near me,0,6,0%,87.33
san marcos roofing company,0,6,0%,94.67
skylight installation in copperas cove,0,6,0%,94.83
commercial roof repair,0,5,0%,1
roof inspection checklist,0,5,0%,11.2
"""ripple roofing & construction"" ""round rock""",0,5,0%,22.8
cost of new roof austin texas,0,5,0%,42.2
roof repair round rock tx,0,5,0%,65.6
roofer leander,0,5,0%,75.4
roofing insurance claim process,0,5,0%,77.2
roofing contractor san marcos,0,5,0%,79.6
round rock roofing company,0,5,0%,80.6
best roofing company near me,0,5,0%,86.2
temple roofing contractors,0,5,0%,87.4
roofing cedar park,0,5,0%,90.8
shingle re-roofers san marcos,0,5,0%,92.8
roof repair waco tx,0,5,0%,93.6
roof installation waco,0,5,0%,93.8
roof repair brushy creek,0,4,0%,1
roofing repair near me,0,4,0%,1
roofing repair,0,4,0%,1.75
ripple construction,0,4,0%,9.25
residential roofer,0,4,0%,25.75
roof insurance claim copperas tx,0,4,0%,40.5
roof repair in copperas cove,0,4,0%,49
round rock roofing,0,4,0%,79.75
roofing companies in waco texas,0,4,0%,80.5
round rock roof repair,0,4,0%,82.25
waco tx roofing services,0,4,0%,84
roofing service san marcos,0,4,0%,85.5
roofing company temple,0,4,0%,89.75
austin shingle roofing,0,4,0%,90.25
san marcos roofing repairs,0,4,0%,90.5
waco roofing company,0,4,0%,91.25
roofing contractor in san marcos,0,4,0%,92.5
residential roofer waco,0,4,0%,96.75
residential roof repair near me,0,3,0%,1
roofing maintenance,0,3,0%,2
attic venting georgetown tx,0,3,0%,7.67
roofing material comparison chart,0,3,0%,10.33
class 4 impact resistance state farm discount,0,3,0%,17.33
roofing near me,0,3,0%,23.67
roof construction pflugerville,0,3,0%,26
roofing company copperas cove tx,0,3,0%,26.33
residential roofing in copperas cove,0,3,0%,44.33
metal roofing installation san antonio,0,3,0%,45.67
round rock tx roofing,0,3,0%,50
temple roofing company,0,3,0%,50.33
roofing san marcos,0,3,0%,55.67
emergency roof tarping in austin,0,3,0%,56
roofing in round rock tx,0,3,0%,60
how much does a new roof cost in austin,0,3,0%,64.67
roofing company round rock,0,3,0%,71
georgetown shingle roof replacements,0,3,0%,73.67
roof tarping in austin,0,3,0%,77
residential roofing in cedar creek,0,3,0%,81.67
roofing companies in round rock,0,3,0%,85.67
roofing leander,0,3,0%,86
san marcos roofing companies,0,3,0%,86.67
roofing company in round rock tx,0,3,0%,89
roofers san marcos,0,3,0%,91.33
roof replacement san marcos,0,3,0%,92.33
roofing contractor temple,0,3,0%,92.67
san marcos roof repair,0,3,0%,94.67
san marcos roofers,0,3,0%,97.67
commercial roof repair near me,0,2,0%,1
free roof inspections near me,0,2,0%,1
residential roof replacement,0,2,0%,1
roof repair contractors,0,2,0%,1
woodcreek reserve roof claim,0,2,0%,5
ripple home,0,2,0%,8.5
will removing solar panels damage your roof texas homeowners guide,0,2,0%,9
leander roof damage insurance claim,0,2,0%,13
new residential roof,0,2,0%,13.5
residential roofing near me,0,2,0%,15
roofing insurance claims leander,0,2,0%,15.5
commercial roofing round rock tx,0,2,0%,20.5
emergency roofing near me,0,2,0%,23
can i get a new roof in winter,0,2,0%,24.5
roofing contractors near me,0,2,0%,26.5
roofing services near me,0,2,0%,28
how to file a roofing insurance claim,0,2,0%,29
emergency roof repair round rock tx,0,2,0%,35
class 4 shingles insurance discount,0,2,0%,37
roof ice repair in austin tx,0,2,0%,41
roof repair storm damage,0,2,0%,43.5
storm damage tree removal leander,0,2,0%,45
roof damage insurance claim in leander tx,0,2,0%,45.5
temple roofing,0,2,0%,46.5
roofing services travis county,0,2,0%,49
temple roofer,0,2,0%,56.5
lrp roofing,0,2,0%,60.5
free roof inspection in round rock tx,0,2,0%,64.5
leander emergency roof repairs,0,2,0%,67.5
roof installation contractor round rock,0,2,0%,69.5
roof replacement in round rock tx,0,2,0%,70.5
georgetown free roof inspection,0,2,0%,71
home roofing companies in leander tx,0,2,0%,71.5
shingle roofing leander,0,2,0%,74
roof replacement cost in texas,0,2,0%,77
roofing company leander,0,2,0%,77.5
home roofing contractors in leander tx,0,2,0%,82
roofing repair company san marcos,0,2,0%,84
emergency roof repair waco,0,2,0%,84.5
roofing repair leander tx,0,2,0%,85
roofer san marcos,0,2,0%,85.5
leander roofers,0,2,0%,86
problems in austin tx,0,2,0%,86.5
metal roof austin cost,0,2,0%,88.5
roof installation contractor leander,0,2,0%,89.5
roofing companies in leander tx,0,2,0%,90
pflugerville roofing,0,2,0%,91
roofer leander tx,0,2,0%,91
roofing contractors in cedar park tx,0,2,0%,92
waco roofing companies,0,2,0%,92
roofing companies in pflugerville tx,0,2,0%,92.5
san marcos roofing repair company,0,2,0%,93.5
san marcos roofing replacement,0,2,0%,95.5
roofing companies round rock,0,2,0%,96
roofing repairs san marcos,0,2,0%,96
roof repair waco,0,2,0%,96.5
san marcos roof contractors,0,2,0%,96.5
roof repair temple tx,0,2,0%,97
roofing services in georgetown,0,2,0%,97
pflugerville roofing contractor,0,2,0%,97.5
roofers in round rock,0,2,0%,97.5
roofing san marcos tx,0,2,0%,97.5
roofing company pflugerville,0,2,0%,98
roofing contractors waco tx,0,2,0%,98
roofers temple tx,0,2,0%,98.5
san marcos roof installers,0,2,0%,98.5
roofing services georgetown,0,2,0%,101
heritage roofing,0,1,0%,1
residential roof repair,0,1,0%,1
residential roofing company in round rock,0,1,0%,1
residential roofing round rock tx,0,1,0%,1
roof install,0,1,0%,1
roof installation contractor,0,1,0%,1
roof installation near me,0,1,0%,1
roof maintenance near me,0,1,0%,1
roofing maintenance near me,0,1,0%,1
skylight repair in round rock,0,1,0%,2
ripples,0,1,0%,3
roof inspection contractor near me,0,1,0%,3
roof inspection round rock,0,1,0%,3
round rock commercial roofing contractor,0,1,0%,3
attic ventilation georgetown tx,0,1,0%,4
roofing inspection checklist,0,1,0%,6
perfect roofing,0,1,0%,8
ripple roof,0,1,0%,8
roofing repair installation,0,1,0%,10
tpo roofing round rock tx,0,1,0%,12
quality roof installation services,0,1,0%,14
roofing,0,1,0%,14
construction near me,0,1,0%,19
roofing companies free estimates near me,0,1,0%,19
roof replacement company,0,1,0%,20
roofing replacement company,0,1,0%,20
commercial roofing central texas,0,1,0%,21
pergola builder temple tx,0,1,0%,23
roofing companies near me,0,1,0%,27
shingle roofing services,0,1,0%,27
roofing solutions near me,0,1,0%,28
metal roofs san antonio,0,1,0%,29
roofing contractors,0,1,0%,29
reroofing san antonio,0,1,0%,36
round rock roofer,0,1,0%,37
leander storm damage roof repairs,0,1,0%,38
roof replacement cost austin tx,0,1,0%,39
metal roof san antonio,0,1,0%,43
roof installation copperas tx,0,1,0%,43
metal roofing contractors san antonio,0,1,0%,44
metal roof installation in san antonio​,0,1,0%,45
residential roof inspection checklist pdf,0,1,0%,45
san pedro roofers,0,1,0%,46
metal roofing installation san antonio​,0,1,0%,47
roofing companies georgetown tx,0,1,0%,49
roof repair round rock texas,0,1,0%,50
waco roof tarping,0,1,0%,53
replace roof tile round rock tx,0,1,0%,56
roofers near me,0,1,0%,56
emergency roof repair alamo heights tx,0,1,0%,58
georgetown residential roofing services,0,1,0%,61
round rock roof replacement,0,1,0%,64
leander residential roofing services,0,1,0%,65
roof claim process,0,1,0%,68
torch down roofing cost calculator,0,1,0%,68
roof repair leander,0,1,0%,69
standing seam metal roofing in austin tx,0,1,0%,69
roof installation leander,0,1,0%,71
roofing brushy creek tx,0,1,0%,75
roofing companies leander,0,1,0%,76
local roofers waco,0,1,0%,77
roof ventilation solutions austin,0,1,0%,78
roofing companies waco tx,0,1,0%,82
roofing company waco tx,0,1,0%,84
roofing repair round rock tx,0,1,0%,84
cost of class 4 shingles,0,1,0%,85
roof replacement waco tx,0,1,0%,85
roofing companies in cedar park,0,1,0%,85
roof estimates san antonio tx,0,1,0%,86
roofing contractor in temple killeen,0,1,0%,86
leander shingle roof replacements,0,1,0%,87
pflugerville roofing company,0,1,0%,87
metal roofing in round rock,0,1,0%,88
roofing contractors san marcos,0,1,0%,88
roofing in temple,0,1,0%,88
roofing in the winter,0,1,0%,88
commercial roofing round rock,0,1,0%,89
roof installation temple,0,1,0%,89
roof replacement waco,0,1,0%,89
san marcos roof replacement,0,1,0%,89
waco roofing,0,1,0%,89
instant roofing quote,0,1,0%,90
pflugerville roofers,0,1,0%,90
roof companies san marcos tx,0,1,0%,90
roofing estimate san antonio tx,0,1,0%,90
roofers round rock,0,1,0%,91
roofer in san marcos,0,1,0%,92
roofing companies round rock tx,0,1,0%,94
roofing temple,0,1,0%,95
class 4 shingles insurance discount form,0,1,0%,96
how to file a roof insurance claim,0,1,0%,96
local roofers waco tx,0,1,0%,96
roofing pflugerville,0,1,0%,96
waco roof repair,0,1,0%,96
pflugerville free roof inspection,0,1,0%,97
roof repair company waco,0,1,0%,97
roofers in waco tx,0,1,0%,97
roofing in temple tx,0,1,0%,97
temple roofers,0,1,0%,97
waco roof repair company,0,1,0%,97
circle roofing,0,1,0%,98
residential roofing company cedar park tx,0,1,0%,98
roofing company in cedar park,0,1,0%,98
roofing services waco,0,1,0%,98
roofing contractor estimate san marcos,0,1,0%,99
roofing services cedar park tx,0,1,0%,99
san marcos roofing contractor,0,1,0%,99
temple killeen roofing contractor,0,1,0%,99
residential roofing temple tx,0,1,0%,100
roofing temple texas,0,1,0%,100
roofing winter,0,1,0%,100
temple killeen roof repair,0,1,0%,100
shingles,0,1,0%,101