Linking page,Last crawled
https://nextdoor.com/page/ripple-roofing-construction/,2025-11-16
https://www.mapquest.com/us/texas/ripple-roofing-construction-796036111,2025-11-15
https://www.msn.com/en-us/news/us/newer-homes-throughout-central-texas-sustain-repeated-roof-damage-neighbors-want-accountability/ar-AA1AkOJD,2025-11-10
https://leanderroofs.com/local/roofing/texas-brushy-creek,2025-11-09
https://www.homeadvisor.com/rated.RippleRoofing.157401687.html,2025-11-07
https://z1biz.com/business/ripple-roofing-construction/,2025-10-31
https://www.msn.com/en-us/news/us/feel-like-i-m-being-robbed-newer-homes-throughout-central-texas-sustain-repeated-roof-damage-neighbors-want-accountability/ar-AA1AkOJD?ocid=PerDHP,2025-10-11
https://bestsidingrepair.com/sidingrepair/ripple-roofing-construction/,2025-10-06
https://profoundroofing.org/roofing-companies-near-me/ripple-roofing-construction/,2025-10-05
https://www.msn.com/en-us/news/us/feel-like-i-m-being-robbed-newer-homes-throughout-central-texas-sustain-repeated-roof-damage-neighbors-want-accountability/ar-AA1AkOJD?ocid=PerDHP&apiversion=v2&noservercache=1&domshim=1&renderwebcomponents=1&wcseo=1&batchservertelemetry=1&noservertelemetry=1,2025-09-16
https://skilledroofers.com/roofer/ripple-roofing-construction-54565,2025-09-12
https://skilledroofers.com/roofer/ripple-roofing-construction-54565/,2025-09-12
https://austinallroof.com/residential-roofing/ripple-roofing-construction,2025-09-09
https://totalroofingandsidinginc.com/roofing-near-me/ripple-roofing-construction/,2025-09-06
https://georgetownroofers.org/local/business/ripple-roofing-construction-200960,2025-08-28
"https://www.glassdoor.co.nz/Overview/Working-at-Ripple-Roofing-and-Construction-EI_IE10489524.11,42.htm",2025-08-16
https://www.angi.com/companylist/us/tx/georgetown/ripple-roofing-construction-llc-reviews-1.htm,2025-08-12
https://www.bbb.org/us/tx/round-rock/profile/roofing-contractors/ripple-roofing-construction-llc-0825-1000228100/addressId/411863,2025-08-12
https://www.salesjobs.com/sales-job/51089029,2025-08-09
https://www.salesjobs.com/sales-job/51031765,2025-06-18
https://contractors.tydl.io/biz/ripple-roofing-construction/402208/,2025-05-14
"https://www.glassdoor.com/Overview/Working-at-Ripple-Roofing-and-Construction-EI_IE10489524.11,42.htm",2025-03-15
https://www.kxan.com/news/local/feel-like-im-being-robbed-newer-homes-throughout-central-texas-sustain-repeated-roof-damage-neighbors-want-accountability/,2025-03-05
https://www.bbb.org/us/tx/georgetown/profile/roofing-contractors/ripple-roofing-construction-llc-0825-1000228100,2024-07-05
https://reviews.birdeye.com/ripple-roofing-construction-171816258559899,2024-06-12